{
  "scene": "garden",
  "tags": [
    "train/loss_viewpoint - psnr",
    "train/loss_viewpoint - l1_loss",
    "total_points"
  ],
  "metrics": {
    "train/loss_viewpoint - psnr": [
      [
        1000,
        22.68708038330078
      ],
      [
        2000,
        24.1197566986084
      ],
      [
        3000,
        25.141510009765625
      ],
      [
        4000,
        26.0086727142334
      ],
      [
        5000,
        26.650671005249023
      ],
      [
        6000,
        27.582162857055664
      ],
      [
        7000,
        27.296430587768555
      ],
      [
        8000,
        28.01190185546875
      ],
      [
        9000,
        28.695539474487305
      ],
      [
        10000,
        28.483802795410156
      ],
      [
        11000,
        28.716970443725586
      ],
      [
        12000,
        28.65542984008789
      ],
      [
        13000,
        29.018970489501953
      ],
      [
        14000,
        28.908309936523438
      ],
      [
        15000,
        29.340681076049805
      ],
      [
        16000,
        29.049606323242188
      ],
      [
        17000,
        29.55827522277832
      ],
      [
        18000,
        29.676027297973633
      ],
      [
        19000,
        29.50638771057129
      ],
      [
        20000,
        29.440202713012695
      ],
      [
        21000,
        29.443801879882812
      ],
      [
        22000,
        29.642976760864258
      ],
      [
        23000,
        29.71478271484375
      ],
      [
        24000,
        29.951616287231445
      ],
      [
        25000,
        30.08256721496582
      ],
      [
        26000,
        30.168304443359375
      ],
      [
        27000,
        30.27168083190918
      ],
      [
        28000,
        30.181081771850586
      ],
      [
        29000,
        29.94371795654297
      ],
      [
        30000,
        30.035594940185547
      ]
    ],
    "train/loss_viewpoint - l1_loss": [
      [
        1000,
        0.05040938779711723
      ],
      [
        2000,
        0.042085666209459305
      ],
      [
        3000,
        0.036810796707868576
      ],
      [
        4000,
        0.032830528914928436
      ],
      [
        5000,
        0.030596641823649406
      ],
      [
        6000,
        0.02737894281744957
      ],
      [
        7000,
        0.028610877692699432
      ],
      [
        8000,
        0.026073351502418518
      ],
      [
        9000,
        0.023870622739195824
      ],
      [
        10000,
        0.02455291710793972
      ],
      [
        11000,
        0.02397492341697216
      ],
      [
        12000,
        0.024119490757584572
      ],
      [
        13000,
        0.02320137247443199
      ],
      [
        14000,
        0.0234999917447567
      ],
      [
        15000,
        0.022120481356978416
      ],
      [
        16000,
        0.022926222532987595
      ],
      [
        17000,
        0.021697796881198883
      ],
      [
        18000,
        0.02126392535865307
      ],
      [
        19000,
        0.021682389080524445
      ],
      [
        20000,
        0.02194172330200672
      ],
      [
        21000,
        0.02203756757080555
      ],
      [
        22000,
        0.021296463906764984
      ],
      [
        23000,
        0.021131739020347595
      ],
      [
        24000,
        0.02054431289434433
      ],
      [
        25000,
        0.020084360614418983
      ],
      [
        26000,
        0.01998499222099781
      ],
      [
        27000,
        0.0198139026761055
      ],
      [
        28000,
        0.02003829926252365
      ],
      [
        29000,
        0.02071998454630375
      ],
      [
        30000,
        0.020445281639695168
      ]
    ],
    "total_points": [
      [
        1000,
        251553.0
      ],
      [
        2000,
        954792.0
      ],
      [
        3000,
        1808198.0
      ],
      [
        4000,
        2349086.0
      ],
      [
        5000,
        3010104.0
      ],
      [
        6000,
        3525565.0
      ],
      [
        7000,
        3623936.0
      ],
      [
        8000,
        3874248.0
      ],
      [
        9000,
        4068302.0
      ],
      [
        10000,
        4045729.0
      ],
      [
        11000,
        4140804.0
      ],
      [
        12000,
        4221965.0
      ],
      [
        13000,
        4175469.0
      ],
      [
        14000,
        4225811.0
      ],
      [
        15000,
        4274017.0
      ],
      [
        16000,
        4274017.0
      ],
      [
        17000,
        4274017.0
      ],
      [
        18000,
        4274017.0
      ],
      [
        19000,
        4274017.0
      ],
      [
        20000,
        4274017.0
      ],
      [
        21000,
        4274017.0
      ],
      [
        22000,
        4274017.0
      ],
      [
        23000,
        4274017.0
      ],
      [
        24000,
        4274017.0
      ],
      [
        25000,
        4274017.0
      ],
      [
        26000,
        4274017.0
      ],
      [
        27000,
        4274017.0
      ],
      [
        28000,
        4274017.0
      ],
      [
        29000,
        4274017.0
      ],
      [
        30000,
        4274017.0
      ]
    ]
  }
}