{
  "scene": "truck",
  "tags": [
    "train/loss_viewpoint - psnr",
    "train/loss_viewpoint - l1_loss",
    "total_points"
  ],
  "metrics": {
    "train/loss_viewpoint - psnr": [
      [
        1000,
        20.979990005493164
      ],
      [
        2000,
        23.07144546508789
      ],
      [
        3000,
        24.586776733398438
      ],
      [
        4000,
        25.345701217651367
      ],
      [
        5000,
        26.274211883544922
      ],
      [
        6000,
        27.202064514160156
      ],
      [
        7000,
        27.63052749633789
      ],
      [
        8000,
        28.414424896240234
      ],
      [
        9000,
        28.877899169921875
      ],
      [
        10000,
        29.00848960876465
      ],
      [
        11000,
        29.41352081298828
      ],
      [
        12000,
        30.239072799682617
      ],
      [
        13000,
        29.94459342956543
      ],
      [
        14000,
        30.455665588378906
      ],
      [
        15000,
        30.638343811035156
      ],
      [
        16000,
        30.855134963989258
      ],
      [
        17000,
        31.147871017456055
      ],
      [
        18000,
        31.712472915649414
      ],
      [
        19000,
        31.946332931518555
      ],
      [
        20000,
        31.945884704589844
      ],
      [
        21000,
        32.26427459716797
      ],
      [
        22000,
        32.49875259399414
      ],
      [
        23000,
        32.54069900512695
      ],
      [
        24000,
        32.6531982421875
      ],
      [
        25000,
        32.67511749267578
      ],
      [
        26000,
        32.96739959716797
      ],
      [
        27000,
        33.20680236816406
      ],
      [
        28000,
        32.953941345214844
      ],
      [
        29000,
        33.306278228759766
      ],
      [
        30000,
        33.406211853027344
      ]
    ],
    "train/loss_viewpoint - l1_loss": [
      [
        1000,
        0.05142481252551079
      ],
      [
        2000,
        0.0365462489426136
      ],
      [
        3000,
        0.028374001383781433
      ],
      [
        4000,
        0.026162579655647278
      ],
      [
        5000,
        0.023210113868117332
      ],
      [
        6000,
        0.02048313245177269
      ],
      [
        7000,
        0.01983102411031723
      ],
      [
        8000,
        0.017229365184903145
      ],
      [
        9000,
        0.016162924468517303
      ],
      [
        10000,
        0.016002055257558823
      ],
      [
        11000,
        0.015499439090490341
      ],
      [
        12000,
        0.013438696973025799
      ],
      [
        13000,
        0.014252448454499245
      ],
      [
        14000,
        0.013343852013349533
      ],
      [
        15000,
        0.013310502283275127
      ],
      [
        16000,
        0.012561704963445663
      ],
      [
        17000,
        0.012002191506326199
      ],
      [
        18000,
        0.010975687764585018
      ],
      [
        19000,
        0.010525359772145748
      ],
      [
        20000,
        0.010617022402584553
      ],
      [
        21000,
        0.00992986187338829
      ],
      [
        22000,
        0.009497007355093956
      ],
      [
        23000,
        0.009746200405061245
      ],
      [
        24000,
        0.009329468011856079
      ],
      [
        25000,
        0.009596802294254303
      ],
      [
        26000,
        0.009301391430199146
      ],
      [
        27000,
        0.008707733824849129
      ],
      [
        28000,
        0.009521282278001308
      ],
      [
        29000,
        0.009213387034833431
      ],
      [
        30000,
        0.008687980473041534
      ]
    ],
    "total_points": [
      [
        1000,
        40957.0
      ],
      [
        2000,
        255782.0
      ],
      [
        3000,
        367119.0
      ],
      [
        4000,
        384484.0
      ],
      [
        5000,
        419177.0
      ],
      [
        6000,
        445403.0
      ],
      [
        7000,
        434337.0
      ],
      [
        8000,
        446833.0
      ],
      [
        9000,
        459140.0
      ],
      [
        10000,
        450571.0
      ],
      [
        11000,
        458592.0
      ],
      [
        12000,
        466581.0
      ],
      [
        13000,
        459460.0
      ],
      [
        14000,
        465050.0
      ],
      [
        15000,
        470621.0
      ],
      [
        16000,
        470621.0
      ],
      [
        17000,
        470621.0
      ],
      [
        18000,
        470621.0
      ],
      [
        19000,
        470621.0
      ],
      [
        20000,
        470621.0
      ],
      [
        21000,
        470621.0
      ],
      [
        22000,
        470621.0
      ],
      [
        23000,
        470621.0
      ],
      [
        24000,
        470621.0
      ],
      [
        25000,
        470621.0
      ],
      [
        26000,
        470621.0
      ],
      [
        27000,
        470621.0
      ],
      [
        28000,
        470621.0
      ],
      [
        29000,
        470621.0
      ],
      [
        30000,
        470621.0
      ]
    ]
  }
}